<?xml version="1.0" encoding="UTF-8"?>
 <!DOCTYPE struts PUBLIC 
	"-//Apache Software Foundation//DTD Struts Configuration 2.0//EN"
	"http://struts.apache.org/dtds/struts-2.0.dtd">
<struts>
	<constant name="struts.devMode" value="true"></constant>
	<constant name="struts.multipart.maxSize" value="5000000" />
 <constant name="struts.multipart.saveDir" value="/home/system18/servers/apache-7/work" />
	
	<package name="register" extends="struts-default">

		<action name="doUpload" class="com.domain.UploadAction" method="execute">


			<!-- For Uploading Image giles -->

			<!-- <interceptor-ref name="fileUpload"> <param name="allowedTypes"> image/png,image/gif,image/jpeg 
				</param> <param name="allowedExtensions"> .png,.gif,.jpeg,.jpg </param> </interceptor-ref> -->
<!-- 			<interceptor-ref name="basicStack" /> -->

			<result name="success">success.jsp</result>
			<result name="error">error.jsp</result>

		</action>
	</package>
</struts>