<?xml version="1.0" encoding="UTF-8"?>
<!DOCTYPE struts PUBLIC 
	"-//Apache Software Foundation//DTD Struts Configuration 2.0//EN"
	"http://struts.apache.org/dtds/struts-2.0.dtd">
<struts>
    <constant name="struts.devMode" value="true" />
  <constant name="struts.action.excludePattern" value="/botdetectcaptcha"/>

    <package name="basicstruts2" extends="struts-default">
        <!-- If no class attribute is specified the framework will assume success and 
        render the result index.jsp -->
        <!-- If no name value for the result node is specified the success value is the default -->
        <interceptors>
        		<interceptor name="registerpage" class="com.domain.register.RegisterInterceptor"></interceptor>
        </interceptors>
        <action name="index">
        <interceptor-ref name="registerpage"></interceptor-ref> 
            <result name="success" type="redirect">/index.jsp</result>
        </action>
    </package>
    
    <package name="registeruser" extends="json-default" namespace="/">
		<action name="reg" class="com.domain.register.Register" method="execute">
			<result name="success" type="json">/index.jsp</result>
			<result name="input" type="json">/index.jsp</result>
			<result name="error" type="json">/index.jsp</result>
		</action>
	</package>
	
	  
  <!-- <package name="basicCaptcha" extends="struts-default">
    <action name="captchaAction"
        class="com.domain.BasicCaptchaAction" method="execute">
      <result name="input">/index.jsp</result>
      <result name="success">/success.jsp</result>
   </action>
  </package> -->
	
	
	<package name="form" extends="json-default">
   <action name="getStates" class="com.domain.register.Register" method="getstates">
   <result type="json">
        <param name="excludeNullProperties">true</param>
        <param name="noCache">true</param>
   </result>
   </action>
</package>
	
	
	
</struts>
