<?xml version="1.0" encoding="UTF-8" ?>
<!DOCTYPE struts PUBLIC
"-//Apache Software Foundation//DTD Struts Configuration 2.0//EN"
"http://struts.apache.org/dtds/struts-2.0.dtd">
<struts>
<constant name="struts.ui.theme" value="css_xhtml" />
	<package name="default" extends="json-default">
		<action name="*Action" class="com.action.JtableAction"
			method="{1}">
			<result type="json">/jTable.jsp</result>
		</action>
		<action name="getJSONResult" class="com.action.JtableAction" method="list">
			<result type="json" />
		</action>
	</package>
	
	<!-- For Countries -->
	<package name="pack" extends="struts-default" namespace="/">
		<action name="autoComplete" class="com.domain.action.AutoComp">
			<result name="success">Sales.jsp</result>
		</action>
	</package>
	<package name="example" extends="json-default" namespace="/">
		<action name="getmydata" class="com.domain.action.DropAction">
			<result name="success" type="json">/Sales.jsp</result>
		</action>
		
		<action name="getavailable" class="com.domain.action.DropAction" method="getAvailable">
			<result name="success" type="json">/Sales.jsp</result>
			<result name="error" type="json">/Sales.jsp</result>
		</action>
	</package>
	
</struts>