<?xml version="1.0" encoding="UTF-8" ?>
<!DOCTYPE struts PUBLIC
"-//Apache Software Foundation//DTD Struts Configuration 2.0//EN"
"http://struts.apache.org/dtds/struts-2.0.dtd">
<struts>
	<constant name="struts.ui.theme" value="css_xhtml" />
	
	


	<package name="default" extends="json-default">
		<action name="*Action" class="com.action.JtableAction" method="{1}">
			<result type="json">/jTable.jsp</result>
		</action>
		<action name="getJSONResult" class="com.action.JtableAction"
			method="list">
			<result type="json" />
		</action>
	</package>


	<package name="pack" extends="struts-default" namespace="/">
	
	<interceptors>
			<interceptor name="Salespage" class="com.domain.action.SalesPageInterceptor" />
		</interceptors>
	
	
		
		<action name="autoComplete">
		
		 <interceptor-ref name="defaultStack"></interceptor-ref> 
		<interceptor-ref name="Salespage"></interceptor-ref>
			<result name="success" type = "chain">SALESPAGE</result>
		</action>
		<action name="SALESPAGE" class="com.domain.action.AutoComp"
			method="execute">
			<result name="success">/Sales.jsp</result>

		</action>
		
		
		
	</package>
	<package name="example" extends="json-default" namespace="/">
		<action name="getmydata" class="com.domain.action.DropAction">
			<result name="success" type="json">/Sales.jsp</result>
		</action>


		<action name="getavailable" class="com.domain.action.DropAction"
			method="getAvailable">
			<result name="success" type="json">/Sales.jsp</result>
			<result name="error" type="json">/Sales.jsp</result>
		</action>

		<action name="postData" class="com.domain.action.DropAction"
			method="postDatas">
			<result name="success" type="json">/SuccessfullyPaid.jsp</result>
			<result name="error" type="json">/PayementFailed.jsp</result>
		</action>

		<action name="calculateNetCost" class="com.action.CostCalculation"
			method="execute">
			<result name="error">/PayementFailed.jsp</result>
		</action>

		<action name="billsuccess" class="com.action.DisplayInvoice"
			method="execute">
			<result>/SuccessfullyPaid.jsp</result>

		</action>

		<action name="index">
			<result>/index.jsp</result>
		</action>

	</package>

</struts>