<?xml version="1.0" encoding="UTF-8" ?>
<!DOCTYPE struts PUBLIC
"-//Apache Software Foundation//DTD Struts Configuration 2.0//EN"
"http://struts.apache.org/dtds/struts-2.0.dtd">
<struts>
	<package name="default" extends="json-default">
		<action name="*Action" class="com.action.JtableAction"
			method="{1}">
			<result type="json">/jTable.jsp</result>
		</action>
		<action name="getJSONResult" class="com.action.JtableAction" method="list">
			<result type="json" />
		</action>
	</package>
</struts>