<?xml version="1.0" encoding="UTF-8"?>
 <!DOCTYPE struts PUBLIC 
	"-//Apache Software Foundation//DTD Struts Configuration 2.0//EN"
	"http://struts.apache.org/dtds/struts-2.0.dtd">
<struts>

	<constant name="struts.devMode" value="true"></constant>
	<constant name="struts.ognl.allowStaticMethodAccess" value="true" />
	 <constant name="struts.action.excludePattern" value="/botdetectcaptcha"/>
<!-- 	<constant name="struts.action.extension" value=""/> -->

	<package name="mypack" namespace="/" extends="struts-default">

		<interceptors>
			<interceptor name="it1"
				class="com.domain.interceptors.LoginInterceptor" />
			<interceptor name="it2"
				class="com.domain.interceptors.LoginPageInterceptor" />
			<interceptor name="iregister" class="com.domain.interceptors.RegisterAI"></interceptor>
		<interceptor name="registerpageintr" class="com.domain.interceptors.RegisterPageInterceptor"></interceptor>

			<interceptor-stack name="myStack">
				<interceptor-ref name="it1"></interceptor-ref>
				<interceptor-ref name="defaultStack"></interceptor-ref>
			</interceptor-stack>

			<interceptor-stack name="registerstack">
				<interceptor-ref name="iregister"></interceptor-ref>
				<interceptor-ref name="defaultStack"></interceptor-ref>
			</interceptor-stack>

		</interceptors>

		<global-results>
			<result name="loginpage" type="redirectAction">Login.jsp</result>
			<result name="login-success" type="redirectAction">LoginSuccess.jsp
			</result>
			<result name="success" type="redirectAction">LoginSuccess.jsp
			</result>
			<result name="registerpage" type="redirectAction">RegisterUser.jsp</result>
		</global-results>






		<action name="login" class="com.domain.action.LoginUser"
			method="execute">

			<interceptor-ref name="myStack"></interceptor-ref>
			<result name="error">Login.jsp</result>
			<result name="input">Login.jsp</result>
			<result name="success" type="chain">LOGINSUCCESS</result>
			<result name="loginfailed" type="redirectAction">LoginFailed.jsp
			</result>

		</action>

		<action name="LOGINSUCCESS" class="com.domain.action.LoginSuccessPage"
			method="execute">
			<interceptor-ref name="it2"></interceptor-ref>
			<result name="success" type="redirectAction">/LoginSuccess.jsp</result>
			<result name="failure">/LoginFailed.jsp</result>
		</action>


		<action name="LoginPage">
			<interceptor-ref name="it2"></interceptor-ref>
			 <result name="loginpage" type="redirectAction">Login.jsp</result>
			<result name="login-success" type="redirectAction">LoginSuccess.jsp
			</result>
			<result name="success" type="redirectAction">LoginSuccess.jsp
			</result>
			<result name="registerpage" type="redirectAction">RegisterUser.jsp</result>

		</action>

		<!-- <action name="registerpage"> <result>/RegisterUser.jsp</result> <interceptor-ref 
			name="iregister"></interceptor-ref> <result name="registeruser">/RegisterUser.jsp</result> 
			<result name="success">/Login.jsp </result> <result name="failure">/LoginSuccess.jsp</result> 
			</action> -->


		<action name="registerpage">
		 <interceptor-ref name="registerpageintr"></interceptor-ref> 
			<result name="success">RegisterUser.jsp</result>
		</action>

		<action name="register" class="com.domain.action.RegisterUserAction"
			method="execute">
			<result name="error">RegisterUser.jsp</result>
			<result name="input">RegisterUser.jsp</result>
			<result name="success" type="chain">REGISTERSUCCESS</result>
		</action>


		<action name="REGISTERSUCCESS" class="com.domain.action.LoginSuccessPage"
			method="execute">
			<interceptor-ref name="iregister"></interceptor-ref>
			<result name="success" type="redirectAction">RegisterSuccess.jsp</result>
			<result name="failure">RegisterFailed.jsp</result>
		</action>
	</package>
	
	
	<package name="form" extends="json-default">
   <action name="getStates" class="com.domain.action.FormDataAction" method="formCountryAction">
   <result type="json">
        <param name="excludeNullProperties">true</param>
        <param name="noCache">true</param>
   </result>
   </action>
</package>
</struts>